"0","z_test_comparisons %>%"
"0","  ggplot(aes(x = target_year, y = z_value)) +"
"0","  geom_hline(yintercept = c(-2, 2), size = 0.5, linetype = ""dashed"") +"
"0","  geom_line(aes(color = offset_direction)) +"
"0","  facet_wrap(~parameter) +"
"0","  theme_bw() +"
"0","  theme("
"0","    panel.grid.minor = element_blank(),"
"0","    strip.background = element_rect("
"0","     color=""black"", fill=""white"""
"0","     ),"
"0","     text = element_text(family = ""Corbel"")"
"0","    ) +"
"0","   scale_color_manual( values = c(""steelblue"", ""darkblue""))"
